card-1,card-2,card-3,card-4,card-5,card-6,card-7,card-8,card-9,card-10,card-11,card-12,card-13,card-14,card-15,card-16,card-17,card-18,card-19,card-20,card-21,card-22,card-23,card-24,card-25,card-26,card-27,card-28,card-29,card-30,card-31,card-32,card-33,card-34,card-35,card-36,card-37,card-38,card-39,card-40,card-41,card-42,card-43,card-44,card-45,card-46,card-47,card-48,card-49,card-50,card-51,card-52,card-53,card-54,card-55,card-56,card-57,card-58,card-59,card-60,card-61,card-62,card-63,card-64,card-65,card-66,card-67,card-68,card-69,card-70,card-71,card-72,card-73,card-74,card-75,card-76,card-77,card-78,card-79,card-80,card-81,card-82,card-83,card-84,card-85,card-86,card-87,card-88,card-89,card-90,card-91,card-92,card-93,card-94,card-95,card-96,card-97,card-98,card-99
Emotion & aesthetics,Taxonomies,Facets,Communication,Enterprise IA,Other,Fundamentals,User research,Other,Emotion & aesthetics,Future,User research,Taxonomies,Future,Methods,Facets,User research,Fundamentals,User research,Enterprise IA,Fun,Content management,Methods,Content management,Communication,Other,Taxonomies,Future,Methods,Fun,Methods,RIA,Methods,Communication,Communication,Fundamentals,Facets,Future,International,Other,Taxonomies,Future,Communication,Tagging,Enterprise IA,Enterprise IA,Business,International,Future,Other,Methods,Tagging,User research,Business,Other,RIA,Business,Future,Facets,Fun,Content management,Enterprise IA,Business,Facets,Facets,Future,Fundamentals,User research,Tagging,Fundamentals,Tagging,Content management,Future,User research,Fundamentals,Methods,RIA,Taxonomies,International,International,International,Fun,Taxonomies,Fun,Communication,User research,Tagging,Future,RIA,Future,Fundamentals,Facets,Tagging,Business,Business,User research,Fundamentals,Facets,Emotion & aesthetics
Tips & tricks,Fundamentals,International,Business,Tips & tricks,Future,Case studies,User centred design,Content,User centred design,Accessibility,Case studies,Case studies,Future,Tips & tricks,Tips & tricks,Case studies,Business,Case studies,Tips & tricks,Case studies,Content,Tips & tricks,Content,User centred design,Fundamentals,Tips & tricks,Accessibility,Tips & tricks,Fundamentals,Fundamentals,Technology,Future,User centred design,Case studies,Case studies,Fundamentals,Future,International,Case studies,User centred design,Future,Tips & tricks,Tips & tricks,Business,Business,Case studies,International,Future,Technology,Content,User centred design,Business,Business,Fundamentals,Technology,Business,Tips & tricks,Case studies,Future,Content,User centred design,Business,International,Tips & tricks,Fundamentals,Fundamentals,Future,Tips & tricks,Content,Tips & tricks,Content,Technology,Fundamentals,Fundamentals,Future,Case studies,Tips & tricks,International,Tips & tricks,International,User centred design,Tips & tricks,Content,Fundamentals,Fundamentals,User centred design,Future,Business,Future,Tips & tricks,Case studies,Tips & tricks,Business,Business,User centred design,Content,Tips & tricks,User centred design
Interaction design,Classification,Classification,Communication,General IA,Discussions,Case studies,Interaction design,Content management,Interaction design,Interaction design,Case studies,Classification,Communication,Interaction design,Interaction design,Case studies,General IA,Case studies,Case studies,Case studies,Content management,General IA,General IA,Discussions,Interaction design,Classification,Communication,Interaction design,Research,Interaction design,Interaction design,Discussions,General IA,Case studies,Case studies,Classification,General IA,Interaction design,General IA,Classification,Interaction design,Interaction design,Classification,Case studies,General IA,Case studies,Content management,Interaction design,General IA,General IA,Classification,Research,Discussions,General IA,Interaction design,Research,Communication,Case studies,Discussions,Content management,General IA,Research,Case studies,Classification,Research,General IA,Interaction design,Classification,Content management,Classification,Content management,General IA,Interaction design,Research,Discussions,Case studies,Classification,Case studies,Interaction design,Discussions,Interaction design,Classification,Classification,Case studies,Research,Classification,General IA,Interaction design,Discussions,General IA,Case studies,Interaction design,Research,Research,Interaction design,General IA,Classification,Interaction design
Emotion & aesthetics,Classification,Facets,Deliverables,Enterprise IA,Methods,Case studies,Deliverables,Content management,Emotion & aesthetics,Accessibility,Case studies,Classification,Theory,Interaction design,Facets,User research,Methods,Case studies,Enterprise IA,Case studies,Content management,Methods,Enterprise IA,Theory,Ubiquitous,Classification,Accessibility,Interaction design,Business,Interaction design,RIA,Interaction design,Classification,Case studies,Case studies,Facets,Interaction design,International,Case studies,Classification,Theory,Enterprise IA,Classification,Enterprise IA,Enterprise IA,Business,International,Ubiquitous,Ubiquitous,Content management,Tagging,Methods,Business,Ubiquitous,Methods,Business,Theory,Facets,Theory,Content management,Enterprise IA,Business,Case studies,Facets,Theory,Deliverables,User research,Tagging,Content management,Tagging,Content management,RIA,User research,Theory,Business,Methods,Classification,International,Classification,International,Business,Methods,Classification,Methods,Theory,Tagging,Theory,RIA,RIA,Ubiquitous,Tagging,Methods,Business,Methods,Deliverables,Content management,Facets,Emotion & aesthetics
User experience,Classification,Case studies,Communication,Enterprise IA,Methods,Case studies,Methods,Case studies,User experience,Web,Case studies,Classification,Information visualization,Web,Classification,User experience,Methods,Case studies,Enterprise IA,Case studies,Content management,Classification,Content management,General IA,General IA,Classification,Case studies,Interaction design,Communication,Interaction design,Web,General IA,Methods,Case studies,Case studies,Classification,Web,Web,Case studies,Case studies,User experience,Enterprise IA,Classification,Enterprise IA,Enterprise IA,Case studies,User experience,User experience,Methods,Classification,Tagging,User experience,Enterprise IA,Content management,Interaction design,Communication,Information visualization,Case studies,Methods,Content management,Enterprise IA,Enterprise IA,Case studies,Classification,General IA,Methods,User experience,Tagging,Methods,Tagging,Content management,Web,User experience,Methods,Enterprise IA,Methods,Classification,Case studies,Classification,Case studies,Communication,User experience,Classification,Communication,General IA,Tagging,Web,Web,Web,Classification,Case studies,Classification,Communication,Enterprise IA,Methods,Web,Tagging,User experience
Interaction design,Classification,Facets,Deliverables,Enterprise IA,General IA,Interaction design,Methods,Interaction design,User research,Community,User research,Classification,Information theory,Interaction design,Facets,User research,Business,User research,Methods,General IA,Content management,Methods,Content management,General IA,General IA,Interaction design,Community,Interaction design,Business,Interaction design,Interaction design,General IA,Classification,Methods,Methods,Facets,RIA,Interaction design,Community,Classification,Interaction design,Interaction design,Classification,Enterprise IA,Methods,Business,Interaction design,Interaction design,Interaction design,Classification,Classification,User research,Business,Methods,Interaction design,Business,Information theory,Facets,Methods,Content management,Enterprise IA,Business,Facets,Facets,General IA,Deliverables,User research,Classification,Methods,Classification,Content management,RIA,User research,Classification,Methods,Methods,Classification,Methods,Interaction design,Community,Methods,Classification,Classification,Deliverables,Methods,Classification,Interaction design,Methods,RIA,Information theory,Classification,Classification,Business,General IA,Methods,Methods,Facets,Interaction design
Classification,Taxonomies,Taxonomies,Case studies,Case studies,Other,Case studies,Research,Taxonomies,General IA,General IA,Case studies,Case studies,General IA,General IA,Other,Case studies,Case studies,Case studies,Case studies,Case studies,Case studies,General IA,Taxonomies,General IA,Other,Taxonomies,Case studies,Classification,Other,Case studies,Technology,General IA,Other,Case studies,Case studies,Taxonomies,Other,Case studies,Case studies,Research,General IA,Case studies,General IA,Case studies,General IA,Case studies,Other,Classification,Different platforms,Taxonomies,Taxonomies,Case studies,Case studies,Taxonomies,Different platforms,Case studies,General IA,Case studies,Other,Technology,Case studies,Case studies,Case studies,Taxonomies,Other,Research,General IA,Other,Taxonomies,Taxonomies,Taxonomies,Technology,Case studies,Taxonomies,General IA,Case studies,General IA,Case studies,General IA,General IA,Case studies,General IA,General IA,Research,General IA,General IA,Different platforms,Other,Technology,General IA,Case studies,Taxonomies,Case studies,Case studies,Research,Taxonomies,Taxonomies,General IA
User research,Language & metaphor,Information space,Methods,Information space,Future,Case studies,User research,Communication,Methods,Case studies,Case studies,Information space,Future,Interaction design,Information space,Case studies,IA profession,User research,Enterprise IA,IA profession,Content management,Information space,Content management,Communication,Information space,Information-seeking behaviour,Case studies,Interaction design,IA profession,Interaction design,Interaction design,Future,Communication,Case studies,Case studies,Information space,General IA,International,Case studies,Language & metaphor,Interaction design,Interaction design,Language & metaphor,Enterprise IA,Enterprise IA,Case studies,Communication,User research,Future,Communication,Information space,User research,Enterprise IA,Communication,Interaction design,IA profession,IA profession,Information space,Future,Content management,Enterprise IA,IA profession,Information space,Information space,General IA,Methods,User research,Tagging,Methods,Tagging,Content management,Interaction design,User research,Information space,Future,IA profession,Information-seeking behaviour,International,International,International,Methods,User research,Tagging,Communication,Future,Tagging,Future,Methods,Future,Information-seeking behaviour,Tagging,Information space,Enterprise IA,Enterprise IA,User research,Information space,Information space,Interaction design
Design,"Tags, facets and taxonomies","Tags, facets and taxonomies",Design,Web,Advanced IA,Case studies,Fundamentals,Content management,"Tags, facets and taxonomies",Web,Case studies,"Tags, facets and taxonomies",Advanced IA,Web,"Tags, facets and taxonomies",Case studies,Fundamentals,Case studies,Web,Case studies,Content management,Design,Content management,Design,Fundamentals,"Tags, facets and taxonomies",Case studies,Design,Fundamentals,Design,Web,Design,Design,Case studies,Case studies,"Tags, facets and taxonomies",Web,Case studies,Case studies,"Tags, facets and taxonomies",Advanced IA,Design,"Tags, facets and taxonomies",Case studies,Case studies,Case studies,Content management,Advanced IA,Web,Content management,"Tags, facets and taxonomies",Advanced IA,Case studies,Fundamentals,Design,Case studies,Design,"Tags, facets and taxonomies",Fundamentals,Content management,Design,Fundamentals,"Tags, facets and taxonomies","Tags, facets and taxonomies",Fundamentals,Design,Case studies,"Tags, facets and taxonomies",Content management,"Tags, facets and taxonomies",Content management,Web,Advanced IA,Fundamentals,Advanced IA,Web,"Tags, facets and taxonomies",Web,"Tags, facets and taxonomies",Case studies,Case studies,"Tags, facets and taxonomies","Tags, facets and taxonomies",Case studies,Fundamentals,"Tags, facets and taxonomies",Web,Design,Web,"Tags, facets and taxonomies","Tags, facets and taxonomies","Tags, facets and taxonomies",Fundamentals,Fundamentals,Fundamentals,Web,"Tags, facets and taxonomies",Design
Interaction design,Classification,Classification,Deliverables,Navigation,Methods,Methods,User research,Content management,User research,User research,User research,Classification,Interaction design,Methods,Classification,User research,Methods,Business,Classification,Business,Content management,Navigation,Content management,Communication,RIA,Classification,User research,Language & metaphor,Business,Interaction design,RIA,Communication,Language & metaphor,Deliverables,Methods,Classification,RIA,User research,Community,Classification,Interaction design,Deliverables,Classification,Business,Business,Business,User research,RIA,RIA,Content management,Classification,User research,Business,Content management,Interaction design,Business,Interaction design,Classification,Business,Content management,Business,Business,Classification,Classification,Language & metaphor,Deliverables,User research,Classification,Content management,Classification,Deliverables,RIA,User research,Language & metaphor,Methods,Methods,Classification,User research,Classification,User research,Business,Classification,Classification,Communication,Other,Classification,Interaction design,RIA,RIA,RIA,Classification,Classification,Business,IA profession,User research,Content management,Classification,Interaction design
User experience,Fundamentals,Classification,Tips & tricks,Enterprise IA,Future,Case studies,Fundamentals,Content,User experience,Case studies,Case studies,Classification,Content,Case studies,Classification,Case studies,Tips & tricks,Case studies,Enterprise IA,Tips & tricks,Enterprise IA,Classification,Content,Design,Fundamentals,Design,Case studies,Design,Fundamentals,Design,Future,Design,Fundamentals,Case studies,Case studies,Classification,Fundamentals,Other,Case studies,User experience,User experience,Enterprise IA,Enterprise IA,Enterprise IA,Enterprise IA,Case studies,Content,User experience,Future,Content,Classification,IA profession,Enterprise IA,Content,Design,IA profession,Content,Case studies,Fundamentals,Content,Enterprise IA,IA profession,Classification,Classification,Fundamentals,Fundamentals,Future,Tagging,Content,Tagging,Content,Future,Other,Fundamentals,IA profession,Tips & tricks,Other,Case studies,Classification,Case studies,User experience,Classification,Fundamentals,User experience,Fundamentals,Tagging,Future,Future,Future,Fundamentals,Case studies,Tagging,Enterprise IA,IA profession,Fundamentals,Content,Classification,User experience
Design,Taxonomies,Facets,Deliverables,Enterprise IA,Other,Case studies,Deliverables,Content management,Interaction design,Accessibility,Case studies,Taxonomies,Design,Case studies,Facets,Case studies,Advice,Case studies,Enterprise IA,Advice,Enterprise IA,Design,Content management,Boundaries,Interaction design,Design,Accessibility,Interaction design,Selling IA,Interaction design,Web2.0,Design,Other,Case studies,Case studies,Facets,Other,International,Case studies,Case studies,Boundaries,Enterprise IA,Enterprise IA,Enterprise IA,Enterprise IA,Case studies,Content management,Other,Other,Content management,Other,Interaction design,Boundaries,Other,Design,Selling IA,Design,Facets,Advice,Content management,Enterprise IA,Advice,Facets,Facets,Other,Deliverables,Advice,Tagging,Content management,Tagging,Content management,Web2.0,Boundaries,Boundaries,Advice,Selling IA,Other,International,International,International,Boundaries,Taxonomies,Other,Boundaries,Boundaries,Tagging,Other,Design,Web2.0,Other,Tagging,Tagging,Selling IA,Selling IA,Deliverables,Content management,Facets,Interaction design
User experience,Web2.0,International,Methods,General IA,General IA,Case studies,Methods,Content management,User experience,Accessibility,Case studies,Web2.0,General IA,Interaction design,Interaction design,Methods,General IA,Case studies,Case studies,Case studies,Content management,Methods,General IA,User experience,Interaction design,Search,Accessibility,Interaction design,User experience,Methods,RIA,Interaction design,User experience,Interaction design,Case studies,Search,Other,International,Case studies,Other,General IA,Interaction design,General IA,Case studies,General IA,Case studies,Content management,User experience,General IA,General IA,General IA,Methods,General IA,General IA,RIA,Case studies,General IA,Interaction design,Other,Content management,Methods,Case studies,International,General IA,General IA,Methods,User experience,Web2.0,Methods,Web2.0,Content management,Web2.0,General IA,Methods,Case studies,RIA,Content management,International,International,International,Methods,Web2.0,General IA,Methods,Methods,Web2.0,General IA,Interaction design,Web2.0,Search,Web2.0,Methods,Case studies,Case studies,Methods,General IA,Web2.0,User experience
Big picture,Taxonomies,Classification,Deliverables,Enterprise IA,Web2.0,Case studies,Methods,Content management,Search,Accessibility,Case studies,Taxonomies,Case studies,Case studies,Classification,Case studies,Patterns,Methods,Methods,Case studies,Enterprise IA,Methods,Content management,Big picture,Other,Search,Accessibility,Big picture,Selling IA,Interaction design,Web2.0,Methods,Other,Case studies,Case studies,Classification,Web2.0,International,Case studies,Taxonomies,Big picture,Patterns,Enterprise IA,Enterprise IA,Enterprise IA,Case studies,International,Big picture,Beyond the web,Content management,Classification,Enterprise IA,Enterprise IA,Other,Interaction design,Selling IA,Big picture,Classification,Other,Content management,Enterprise IA,Enterprise IA,Classification,Classification,Other,Deliverables,Big picture,Classification,Content management,Classification,Content management,Web2.0,Search,Big picture,Big picture,Deliverables,Taxonomies,International,International,Big picture,Methods,Taxonomies,Taxonomies,Methods,Big picture,Classification,Big picture,Web2.0,Web2.0,Big picture,Classification,Classification,Selling IA,International,Methods,Patterns,Classification,Big picture
Interaction design,Methods,Information access,General IA,Methods,General IA,Case studies,Methods,Content management,Information access,Research,Methods,Case studies,Methods,Beyond the web,Methods,Case studies,Methods,Case studies,Methods,General IA,Interaction design,Interaction design,Content management,Beyond the web,Interaction design,Information access,Case studies,Interaction design,Other,Interaction design,Interaction design,Methods,Other,Case studies,Case studies,Methods,Other,Interaction design,Case studies,Case studies,Interaction design,Interaction design,Methods,General IA,Methods,Case studies,Methods,Interaction design,Case studies,Content management,Methods,Research,Beyond the web,Other,Interaction design,General IA,Methods,Methods,Interaction design,Content management,General IA,General IA,Case studies,Information access,General IA,Methods,Other,Information access,Content management,Methods,Content management,General IA,Research,General IA,General IA,Beyond the web,Methods,Case studies,Information access,General IA,Methods,Methods,Methods,Methods,General IA,Information access,Research,Interaction design,General IA,Other,Case studies,Methods,General IA,General IA,Methods,Research,Methods,Interaction design
Interaction design,IA theory,Case studies,Methods,Methods,Other,Case studies,Methods,Case studies,IA theory,Case studies,Case studies,Case studies,Case studies,Interaction design,IA theory,Case studies,Methods,Case studies,Case studies,Case studies,Content management,Research,Content management,IA theory,IA theory,IA theory,Case studies,Interaction design,Selling IA,Interaction design,Interaction design,Interaction design,IA theory,Case studies,Case studies,Methods,Other,International,Case studies,Case studies,Interaction design,IA theory,IA theory,Case studies,Methods,Case studies,International,Case studies,Case studies,IA theory,IA theory,Research,Case studies,Other,Interaction design,Selling IA,Interaction design,Case studies,IA theory,Content management,IA theory,Methods,Case studies,IA theory,IA theory,IA theory,IA theory,IA theory,Methods,IA theory,Content management,Interaction design,Research,IA theory,IA theory,Methods,IA theory,International,International,Case studies,Selling IA,Methods,IA theory,IA theory,IA theory,IA theory,Case studies,Interaction design,IA theory,IA theory,Case studies,Research,Selling IA,Methods,Methods,IA theory,IA theory,Interaction design
User experience,Classification,Facets,IA profession,Information-seeking behaviour,General IA,Case studies,Development/Testing,Content management,Information-seeking behaviour,User experience,Case studies,Classification,Design,General IA,Information-seeking behaviour,User experience,IA profession,Design,General IA,IA profession,Content management,Information-seeking behaviour,Content management,Interaction design,Other,Classification,User experience,Interaction design,Other,Interaction design,RIA,Design,Classification,Case studies,Case studies,Classification,Other,Other,General IA,Classification,Interaction design,Design,Classification,IA profession,General IA,User experience,Development/Testing,User experience,General IA,Classification,Classification,Communication,Communication,Other,Design,Communication,Design,Case studies,Other,Content management,User experience,IA profession,Case studies,Facets,Other,Design,Interaction design,Tagging,Content management,Tagging,Content management,IA profession,Information-seeking behaviour,Classification,IA profession,Development/Testing,Classification,Development/Testing,Classification,General IA,Development/Testing,Classification,Classification,Interaction design,IA profession,Tagging,General IA,RIA,General IA,Information-seeking behaviour,Tagging,Tagging,Communication,IA profession,Development/Testing,Content management,Classification,Interaction design
Design,Classification,Case studies,Business,Navigation,IA profession,Navigation,Usability,Business,Human factors,Human factors,Case studies,Case studies,Human factors,Design,Classification,Case studies,IA profession,Case studies,Navigation,Case studies,Content management,Navigation,Content management,IA profession,Usability,Classification,Human factors,Design,Business,Design,Technology,Design,IA profession,Case studies,Case studies,Classification,,Design,Case studies,Classification,Human factors,Design,Classification,Case studies,Navigation,Case studies,Usability,Technology,Design,Content management,Classification,Business,Business,,Design,Business,Human factors,Case studies,IA profession,Content management,Business,Business,Case studies,Classification,Classification,Design,IA profession,Tagging,Content management,Tagging,Content management,Technology,Human factors,Human factors,Business,IA profession,Tagging,Case studies,Classification,IA profession,Human factors,Usability,Tagging,Human factors,IA profession,Tagging,Navigation,Design,IA profession,Tagging,Case studies,Tagging,Business,IA profession,Usability,Human factors,Tagging,Human factors
General IA,Taxonomies,User research,Deliverables,Fundamentals,Selling IA,Case studies,Fundamentals,Content management,Taxonomies,General IA,Case studies,Taxonomies,Fundamentals,RIA,Taxonomies,Case studies,Case studies,User research,Case studies,Case studies,Content management,User research,Content management,General IA,Fundamentals,Taxonomies,Case studies,Fundamentals,Selling IA,Fundamentals,RIA,Methods,General IA,Case studies,Case studies,Taxonomies,Content management,International,Selling IA,Taxonomies,Methods,Fundamentals,Taxonomies,Case studies,Methods,Case studies,International,RIA,RIA,Case studies,Taxonomies,Fundamentals,Selling IA,Methods,RIA,Selling IA,General IA,Taxonomies,Case studies,Content management,Fundamentals,Selling IA,Taxonomies,Taxonomies,General IA,Fundamentals,User research,Taxonomies,Content management,Taxonomies,Content management,RIA,General IA,Fundamentals,Selling IA,RIA,Taxonomies,International,International,Fundamentals,User research,Taxonomies,Taxonomies,General IA,Methods,Taxonomies,RIA,RIA,General IA,Taxonomies,Taxonomies,Taxonomies,Selling IA,Case studies,User research,Content management,Taxonomies,User research
